-- phpMyAdmin SQL Dump
-- version 5.2.1
-- https://www.phpmyadmin.net/
--
-- Host: 127.0.0.1
-- Generation Time: Apr 18, 2024 at 01:57 PM
-- Server version: 10.4.28-MariaDB
-- PHP Version: 8.2.4

SET SQL_MODE = "NO_AUTO_VALUE_ON_ZERO";
START TRANSACTION;
SET time_zone = "+00:00";


/*!40101 SET @OLD_CHARACTER_SET_CLIENT=@@CHARACTER_SET_CLIENT */;
/*!40101 SET @OLD_CHARACTER_SET_RESULTS=@@CHARACTER_SET_RESULTS */;
/*!40101 SET @OLD_COLLATION_CONNECTION=@@COLLATION_CONNECTION */;
/*!40101 SET NAMES utf8mb4 */;

--
-- Database: `ecom_store`
--

-- --------------------------------------------------------

--
-- Table structure for table `about_us`
--

CREATE TABLE `about_us` (
  `about_id` int(10) NOT NULL,
  `about_heading` text NOT NULL,
  `about_short_desc` text NOT NULL,
  `about_desc` text NOT NULL
) ENGINE=InnoDB DEFAULT CHARSET=latin1 COLLATE=latin1_swedish_ci;

--
-- Dumping data for table `about_us`
--

INSERT INTO `about_us` (`about_id`, `about_heading`, `about_short_desc`, `about_desc`) VALUES
(1, 'Our Story', '\r\nDive into Style with VeSerAnCa\r\n', '\r\nVeSerAnCa is a swimwear store founded by Vea, Sergio, Angelina, and Carla - friends with a passion for fashion and beach life. Our store offers a wide range of stylish and comfortable swimwear to make your beach days even more enjoyable.\r\n');

-- --------------------------------------------------------

--
-- Table structure for table `admins`
--

CREATE TABLE `admins` (
  `admin_id` int(10) NOT NULL,
  `admin_name` varchar(255) NOT NULL,
  `admin_email` varchar(255) NOT NULL,
  `admin_pass` varchar(255) NOT NULL,
  `admin_image` text NOT NULL,
  `admin_contact` varchar(255) NOT NULL,
  `admin_country` text NOT NULL,
  `admin_job` varchar(255) NOT NULL,
  `admin_about` text NOT NULL
) ENGINE=InnoDB DEFAULT CHARSET=latin1 COLLATE=latin1_swedish_ci;

--
-- Dumping data for table `admins`
--

INSERT INTO `admins` (`admin_id`, `admin_name`, `admin_email`, `admin_pass`, `admin_image`, `admin_contact`, `admin_country`, `admin_job`, `admin_about`) VALUES
(2, 'Administrator', 'admin@mail.com', 'Password@123', 'IMG_5820.JPG', '09123456789', 'Philippines', 'Owner', 'A simple girl ');

-- --------------------------------------------------------

--
-- Table structure for table `bundle_product_relation`
--

CREATE TABLE `bundle_product_relation` (
  `rel_id` int(10) NOT NULL,
  `rel_title` varchar(255) DEFAULT NULL,
  `product_id` int(10) DEFAULT NULL,
  `bundle_id` int(10) DEFAULT NULL
) ENGINE=InnoDB DEFAULT CHARSET=latin1 COLLATE=latin1_swedish_ci;

-- --------------------------------------------------------

--
-- Table structure for table `cart`
--

CREATE TABLE `cart` (
  `p_id` int(10) NOT NULL,
  `ip_add` varchar(255) NOT NULL,
  `qty` int(10) NOT NULL,
  `p_price` varchar(255) NOT NULL,
  `size` text NOT NULL
) ENGINE=InnoDB DEFAULT CHARSET=latin1 COLLATE=latin1_swedish_ci;

-- --------------------------------------------------------

--
-- Table structure for table `categories`
--

CREATE TABLE `categories` (
  `cat_id` int(10) NOT NULL,
  `cat_title` text NOT NULL,
  `cat_top` text NOT NULL,
  `cat_image` text NOT NULL
) ENGINE=InnoDB DEFAULT CHARSET=latin1 COLLATE=latin1_swedish_ci;

--
-- Dumping data for table `categories`
--

INSERT INTO `categories` (`cat_id`, `cat_title`, `cat_top`, `cat_image`) VALUES
(2, 'Feminine', 'no', 'feminelg.png'),
(3, 'Kids', 'no', 'kidslg.jpg'),
(4, 'Others', 'yes', 'othericon.png'),
(5, 'Men', 'yes', 'malelg.png');

-- --------------------------------------------------------

--
-- Table structure for table `contact_us`
--

CREATE TABLE `contact_us` (
  `contact_id` int(10) NOT NULL,
  `contact_email` text NOT NULL,
  `contact_heading` text NOT NULL,
  `contact_desc` text NOT NULL
) ENGINE=InnoDB DEFAULT CHARSET=latin1 COLLATE=latin1_swedish_ci;

--
-- Dumping data for table `contact_us`
--

INSERT INTO `contact_us` (`contact_id`, `contact_email`, `contact_heading`, `contact_desc`) VALUES
(1, 'veseranca@gmail.com', 'Contact US', 'If you have any questions, please feel free to contact us, our customer service center is working for you 24/7.');

-- --------------------------------------------------------

--
-- Table structure for table `coupons`
--

CREATE TABLE `coupons` (
  `coupon_id` int(10) NOT NULL,
  `product_id` int(10) NOT NULL,
  `coupon_title` varchar(255) NOT NULL,
  `coupon_price` varchar(255) NOT NULL,
  `coupon_code` varchar(255) NOT NULL,
  `coupon_limit` int(100) NOT NULL,
  `coupon_used` int(100) NOT NULL
) ENGINE=InnoDB DEFAULT CHARSET=latin1 COLLATE=latin1_swedish_ci;

--
-- Dumping data for table `coupons`
--

INSERT INTO `coupons` (`coupon_id`, `product_id`, `coupon_title`, `coupon_price`, `coupon_code`, `coupon_limit`, `coupon_used`) VALUES
(5, 8, 'Sale', '10', 'vea', 2, 2),
(6, 14, 'Sale', '65', 'CODEASTRO', 3, 1);

-- --------------------------------------------------------

--
-- Table structure for table `customers`
--

CREATE TABLE `customers` (
  `customer_id` int(10) NOT NULL,
  `customer_name` varchar(255) NOT NULL,
  `customer_email` varchar(255) NOT NULL,
  `customer_pass` varchar(255) NOT NULL,
  `customer_region` text NOT NULL,
  `customer_province` text NOT NULL,
  `customer_city` text NOT NULL,
  `customer_barangay` text NOT NULL,
  `customer_street` text DEFAULT NULL,
  `customer_contact` varchar(255) NOT NULL,
  `customer_address` text NOT NULL,
  `customer_image` text NOT NULL,
  `customer_ip` varchar(255) NOT NULL,
  `customer_confirm_code` text NOT NULL
) ENGINE=InnoDB DEFAULT CHARSET=latin1 COLLATE=latin1_swedish_ci;

-- --------------------------------------------------------

--
-- Table structure for table `customer_orders`
--

CREATE TABLE `customer_orders` (
  `order_id` int(10) NOT NULL,
  `customer_id` int(10) NOT NULL,
  `due_amount` int(100) NOT NULL,
  `invoice_no` int(100) NOT NULL,
  `qty` int(10) NOT NULL,
  `size` text NOT NULL,
  `order_date` timestamp NOT NULL DEFAULT current_timestamp() ON UPDATE current_timestamp(),
  `order_status` text NOT NULL,
  `product_title` text NOT NULL,
  `product_img1` text NOT NULL
) ENGINE=InnoDB DEFAULT CHARSET=latin1 COLLATE=latin1_swedish_ci;

--
-- Dumping data for table `customer_orders`
--

INSERT INTO `customer_orders` (`order_id`, `customer_id`, `due_amount`, `invoice_no`, `qty`, `size`, `order_date`, `order_status`, `product_title`, `product_img1`) VALUES
(74, 8, 1890, 1676139577, 5, 'M', '2024-04-14 09:58:22', 'Complete', 'Hollow Out Cover Up Dress Without Bikini', 'Hollow Out Cover Up Dress Without Bikini.jpg'),
(75, 24, 2637, 751753331, 3, 'S', '2024-04-15 16:02:35', 'Complete', 'Color Block Zipper Front One Piece Swimsuit', 'Color Block Zipper Front One Piece Swimsuit.jpg'),
(76, 24, 1134, 751753331, 3, 'S', '2024-04-15 16:02:43', 'Complete', 'Hollow Out Cover Up Dress Without Bikini', 'Hollow Out Cover Up Dress Without Bikini.jpg');

-- --------------------------------------------------------

--
-- Table structure for table `enquiry_types`
--

CREATE TABLE `enquiry_types` (
  `enquiry_id` int(10) NOT NULL,
  `enquiry_title` varchar(255) NOT NULL
) ENGINE=InnoDB DEFAULT CHARSET=latin1 COLLATE=latin1_swedish_ci;

--
-- Dumping data for table `enquiry_types`
--

INSERT INTO `enquiry_types` (`enquiry_id`, `enquiry_title`) VALUES
(1, 'Order and Delivery Support'),
(2, 'Technical Support'),
(3, 'Price Concern');

-- --------------------------------------------------------

--
-- Table structure for table `manufacturers`
--

CREATE TABLE `manufacturers` (
  `manufacturer_id` int(10) NOT NULL,
  `manufacturer_title` text DEFAULT NULL,
  `manufacturer_top` text DEFAULT NULL,
  `manufacturer_image` text DEFAULT NULL
) ENGINE=InnoDB DEFAULT CHARSET=latin1 COLLATE=latin1_swedish_ci;

--
-- Dumping data for table `manufacturers`
--

INSERT INTO `manufacturers` (`manufacturer_id`, `manufacturer_title`, `manufacturer_top`, `manufacturer_image`) VALUES
(2, 'Shein', 'no', 'shein.jpg'),
(3, 'Zalora', 'no', 'zalora.jpg'),
(4, 'Zara', 'no', 'zara.jpg'),
(5, 'Vogue', 'no', 'vogue.jpg'),
(7, 'Chanel', 'no', 'chanel.jpg'),
(8, 'Eighth Mermaid', 'no', 'eighth mermaid.png');

-- --------------------------------------------------------

--
-- Table structure for table `payments`
--

CREATE TABLE `payments` (
  `payment_id` int(10) NOT NULL,
  `invoice_no` int(10) DEFAULT NULL,
  `amount` int(10) NOT NULL,
  `payment_mode` text NOT NULL,
  `ref_no` int(10) DEFAULT NULL,
  `code` int(10) DEFAULT NULL,
  `payment_date` text DEFAULT NULL
) ENGINE=InnoDB DEFAULT CHARSET=latin1 COLLATE=latin1_swedish_ci;

-- --------------------------------------------------------

--
-- Table structure for table `pending_orders`
--

CREATE TABLE `pending_orders` (
  `order_id` int(10) NOT NULL,
  `customer_id` int(10) NOT NULL,
  `invoice_no` int(10) DEFAULT NULL,
  `product_id` text NOT NULL,
  `qty` int(10) NOT NULL,
  `size` text NOT NULL,
  `order_status` text NOT NULL,
  `product_title` text NOT NULL,
  `product_img1` text NOT NULL
) ENGINE=InnoDB DEFAULT CHARSET=latin1 COLLATE=latin1_swedish_ci;

-- --------------------------------------------------------

--
-- Table structure for table `products`
--

CREATE TABLE `products` (
  `product_id` int(10) NOT NULL,
  `p_cat_id` int(10) DEFAULT NULL,
  `cat_id` int(10) DEFAULT NULL,
  `manufacturer_id` int(10) DEFAULT NULL,
  `date` timestamp NOT NULL DEFAULT current_timestamp() ON UPDATE current_timestamp(),
  `product_title` text NOT NULL,
  `product_url` text NOT NULL,
  `product_img1` text NOT NULL,
  `product_img2` text NOT NULL,
  `product_img3` text NOT NULL,
  `product_price` int(10) NOT NULL,
  `product_psp_price` int(100) NOT NULL,
  `product_desc` text NOT NULL,
  `product_features` text DEFAULT NULL,
  `product_video` text DEFAULT NULL,
  `product_keywords` text NOT NULL,
  `product_label` text DEFAULT NULL,
  `status` varchar(255) NOT NULL
) ENGINE=InnoDB DEFAULT CHARSET=latin1 COLLATE=latin1_swedish_ci;

--
-- Dumping data for table `products`
--

INSERT INTO `products` (`product_id`, `p_cat_id`, `cat_id`, `manufacturer_id`, `date`, `product_title`, `product_url`, `product_img1`, `product_img2`, `product_img3`, `product_price`, `product_psp_price`, `product_desc`, `product_features`, `product_video`, `product_keywords`, `product_label`, `status`) VALUES
(8, 4, 2, 2, '2024-03-21 07:15:39', 'Color Block One Shoulder One Piece Swimsuit', 'black-onepiece', 'Color Block One Shoulder One Piece Swimsuit.jpg', 'Color Block One Shoulder One Piece Swimsuit.jpg', 'Color Block One Shoulder One Piece Swimsuit.jpg', 545, 325, 'The Color Block One Shoulder One Piece Swimsuit is a stylish and contemporary swimwear option designed to make a statement by combining bold colors with a sleek silhouette. With its asymmetrical one-shoulder design, this swimsuit offers a modern twist on traditional one-piece styles. The color-blocking detail adds visual interest and flatters the figure by accentuating curves. Crafted from high-quality materials, it provides both comfort and confidence for lounging poolside or enjoying a day at the beach. Perfect for those seeking a fashion-forward yet functional swimwear option, this swimsuit effortlessly blends chic design with practicality.', '\r\n\r\n\r\n\r\nIt is a long established fact that a reader will be distracted by the readable content of a page when looking at its layout. The point of using Lorem Ipsum is that it has a more-or-less normal distribution of letters,\r\n\r\n\r\n\r\n', '\r\n\r\n\r\n\r\n<iframe width=\"854\" height=\"480\" src=\"https://www.youtube.com/embed/qRswlmADRa8\" frameborder=\"0\" allowfullscreen></iframe>\r\n\r\n\r\n\r\n', 'Onepiece', 'New', 'product'),
(9, 5, 2, 3, '2024-03-21 07:20:24', 'Color Block Zipper Front One Piece Swimsuit', 'rashguard-onepiece', 'Color Block Zipper Front One Piece Swimsuit.jpg', 'Color Block Zipper Front One Piece Swimsuit.jpg', 'Color Block Zipper Front One Piece Swimsuit.jpg', 879, 765, 'The Color Block Zipper Front One Piece Swimsuit offers a fusion of style and functionality, featuring a contemporary design highlighted by bold color-blocking and a convenient zipper front. This swimsuit exudes modern flair with its sleek silhouette and attention-grabbing color contrasts. The zipper front adds a touch of edginess while also providing adjustable coverage. Crafted from premium materials, it ensures comfort and durability for long days by the water. Whether lounging poolside or engaging in water activities, this swimsuit combines fashion-forward aesthetics with practical features, making it a versatile and chic choice for any beach or pool outing.', '\r\n\r\n\r\n\r\n\r\nIt is a long established fact that a reader will be distracted by the readable content of a page when looking at its layout. The point of using Lorem Ipsum is that it has a more-or-less normal distribution of letters,\r\n\r\n\r\n\r\n\r\n', '\r\n\r\n\r\n\r\n\r\n<iframe width=\"854\" height=\"480\" src=\"https://www.youtube.com/embed/qRswlmADRa8\" frameborder=\"0\" allowfullscreen></iframe>\r\n\r\n\r\n\r\n\r\n', 'Onepiece', 'New', 'product'),
(12, 10, 2, 4, '2024-03-21 07:23:31', 'Hollow Out Cover Up Dress Without Bikini', 'coverup', 'Hollow Out Cover Up Dress Without Bikini.jpg', 'Hollow Out Cover Up Dress Without Bikini.jpg', 'Hollow Out Cover Up Dress Without Bikini.jpg', 378, 287, 'The Hollow Out Cover Up Dress Without Bikini is an elegant and versatile beachwear essential designed to provide both style and coverage. Crafted with intricate hollow-out detailing, this dress offers a delicate and feminine aesthetic, allowing glimpses of skin while maintaining a modest silhouette. Its lightweight and breathable fabric make it perfect for slipping on over swimwear or pairing with casual attire for a beachside lunch or stroll. The loose, flowy fit ensures comfort and ease of movement, while the absence of a bikini underneath offers a minimalist yet chic look. Whether worn over a swimsuit or as a standalone piece, this cover-up dress adds a touch of sophistication to any beach or poolside ensemble.', '\r\n\r\n\r\nComfortable and responsive, Ultraboost became our first shoe to be as popular in streetwear style as it is in performance running.\r\n', '\r\n\r\nhttps://assets.adidas.com/videos/q_auto,f_auto,g_auto/599fff35a3cf432aa9bbac7c0091316f_d98c/Ultraboost_21_Primeblue_Shoes_Blue_FX7729_video.mp4\r\n\r\n', 'cover up', 'New', 'product'),
(13, 4, 2, 8, '2024-03-21 07:26:08', 'Solid Halter Bikini Two Pieces Swimsuit ', 'Bikini', 'Solid Halter Bikini Two Pieces Swimsuit - Blue _ XL.jpg', 'Solid Halter Bikini Two Pieces Swimsuit - Blue _ XL.jpg', 'Solid Halter Bikini Two Pieces Swimsuit - Blue _ XL.jpg', 947, 749, 'The Solid Halter Bikini Two Pieces Swimsuit is a classic and timeless swimwear option, offering a blend of simplicity and sophistication. With its halter neckline, this bikini top provides both support and style, while the solid color adds versatility to mix and match with other swim pieces. The accompanying bikini bottom features a complementary design, completing the coordinated look. Crafted from high-quality materials, this swimsuit ensures comfort and durability, whether lounging by the pool or taking a dip in the ocean. Perfect for those who prefer a sleek and understated aesthetic, this two-piece swimsuit combines minimalist elegance with practicality for a stylish beach or poolside ensemble.', '\r\n\r\n\r\n\r\nThis is a sample text. This is a sample text. This is a sample text.This is a sample text. This is a sample text. This is a sample text.This is a sample text. This is a sample text. This is a sample text.This is a sample text. This is a sample text. This is a sample text.\r\n\r\n\r\n', '\r\n\r\n\r\n\r\nThis is a sample text. This is a sample text. This is a sample text.\r\n\r\n\r\n\r\n', 'bikini black', 'New', 'product'),
(14, 4, 2, 5, '2024-04-01 02:42:29', 'Ruffle Petal Hem Tankini Top in Black Bikini.', 'demo-product-showcase', 'Ruffle Petal Hem Tankini Top in Black Bikini.jpg', 'Ruffle Petal Hem Tankini Top in Black Bikini.jpg', 'Ruffle Petal Hem Tankini Top in Black Bikini.jpg', 584, 458, '\r\n\r\n\r\nThe Ruffle Petal Hem Tankini Top in Black Bikini exudes feminine charm and contemporary flair, combining the classic tankini silhouette with playful ruffle detailing and a sophisticated black hue. This tankini top offers both coverage and style, featuring a petal hem design that adds a touch of whimsy and movement. The ruffle accents along the neckline enhance the overall elegance of the piece, while the black color lends versatility for mixing and matching with different bottoms. Crafted from high-quality materials, this bikini top ensures comfort and support for all-day wear at the beach or pool. Whether paired with matching black bottoms or contrasting colors, this tankini top makes a chic and stylish statement for any swimwear ensemble.\r\n\r\n\r\n', '\r\n\r\n\r\n\r\n\r\n\r\nThis is a demo.\r\n\r\n\r\n\r\n', '\r\n\r\n\r\n\r\n\r\n\r\nThis is a demo.\r\n\r\n\r\n\r\n', 'Tankini black', 'Sale', 'product');

-- --------------------------------------------------------

--
-- Table structure for table `product_categories`
--

CREATE TABLE `product_categories` (
  `p_cat_id` int(10) NOT NULL,
  `p_cat_title` text DEFAULT NULL,
  `p_cat_top` text DEFAULT NULL,
  `p_cat_image` text DEFAULT NULL
) ENGINE=InnoDB DEFAULT CHARSET=latin1 COLLATE=latin1_swedish_ci;

--
-- Dumping data for table `product_categories`
--

INSERT INTO `product_categories` (`p_cat_id`, `p_cat_title`, `p_cat_top`, `p_cat_image`) VALUES
(4, 'Bikini', 'no', 'bikini.png'),
(5, 'One piece', 'no', 'Onepiece (3).jpg'),
(10, 'Cover Up', '', 'Hollow Out Cover Up Dress Without Bikini.jpg');

-- --------------------------------------------------------

--
-- Table structure for table `store`
--

CREATE TABLE `store` (
  `store_id` int(10) NOT NULL,
  `store_title` varchar(255) NOT NULL,
  `store_image` varchar(255) NOT NULL,
  `store_desc` text NOT NULL,
  `store_button` varchar(255) NOT NULL,
  `store_url` varchar(255) NOT NULL
) ENGINE=InnoDB DEFAULT CHARSET=latin1 COLLATE=latin1_swedish_ci;

--
-- Dumping data for table `store`
--

INSERT INTO `store` (`store_id`, `store_title`, `store_image`, `store_desc`, `store_button`, `store_url`) VALUES
(4, 'London Store', 'store (3).jpg', '<p style=\"text-align: center;\"><strong>180-182 RECENTS STREET, LONDON, W1B 5BT</strong></p>\r\n<p>Lorem ipsum dolor sit amet, consectetur adipiscing elit. Ut libero erat, aliquet eget mauris ut, dictum sagittis libero. Nam at dui dapibus, semper dolor ac, malesuada mi. Duis quis lobortis arcu. Vivamus sed sodales orci, non varius dolor.</p>', 'View Map', 'http://www.thedailylux.com/ecommerce'),
(5, 'New York Store', 'store (1).png', '<p style=\"text-align: center;\"><strong>109 COLUMBUS CIRCLE, NEW YORK, NY10023</strong></p>\r\n<p>Lorem ipsum dolor sit amet, consectetur adipiscing elit. Ut libero erat, aliquet eget mauris ut, dictum sagittis libero. Nam at dui dapibus, semper dolor ac, malesuada mi. Duis quis lobortis arcu. Vivamus sed sodales orci, non varius dolor.</p>', 'View Map', 'http://www.thedailylux.com/ecommerce'),
(6, 'Paris Store', 'store (2).jpg', '<p style=\"text-align: center;\"><strong>2133 RUE SAINT-HONORE, 75001 PARIS&nbsp;</strong></p>\r\n<p>Lorem ipsum dolor sit amet, consectetur adipiscing elit. Ut libero erat, aliquet eget mauris ut, dictum sagittis libero. Nam at dui dapibus, semper dolor ac, malesuada mi. Duis quis lobortis arcu. Vivamus sed sodales orci, non varius dolor.</p>', 'View Map', 'http://www.thedailylux.com/ecommerce');

-- --------------------------------------------------------

--
-- Table structure for table `terms`
--

CREATE TABLE `terms` (
  `term_id` int(10) NOT NULL,
  `term_title` varchar(100) NOT NULL,
  `term_link` varchar(100) NOT NULL,
  `term_desc` text NOT NULL
) ENGINE=InnoDB DEFAULT CHARSET=latin1 COLLATE=latin1_swedish_ci;

--
-- Dumping data for table `terms`
--

INSERT INTO `terms` (`term_id`, `term_title`, `term_link`, `term_desc`) VALUES
(1, 'Rules And Regulations', 'rules', '<p>Contrary to popular belief, Lorem Ipsum is not simply random text. It has roots in a piece of classical Latin literature from 45 BC, making it over 2000 years old. Richard McClintock, a Latin professor at Hampden-Sydney College in Virginia, looked up one of the more obscure Latin words, consectetur, from a Lorem Ipsum passage, and going through the cites of the word in classical literature, discovered the undoubtable source. Lorem Ipsum comes from sections 1.10.32 and 1.10.33 of \"de Finibus Bonorum et Malorum\" (The Extremes of Good and Evil) by Cicero, written in 45 BC. This book is a treatise on the theory of ethics, very popular during the Renaissance.&nbsp;</p>'),
(2, 'Refund Policy', 'link2', 'It is a long established fact that a reader will be distracted by the readable content of a page when looking at its layout. The point of using Lorem Ipsum is that it has a more-or-less normal distribution of letters, as opposed to using \'Content here, content here\', making it look like readable English. Many desktop publishing packages and web page editors now use Lorem Ipsum as their default model text, and a search for \'lorem ipsum\' will uncover many web sites still in their infancy. Various versions have evolved over the years, sometimes by accident, sometimes on purpose (injected humour and the like).Why do we use it?It is a long established fact that a reader will be distracted by the readable content of a page when looking at its layout. The point of using Lorem Ipsum is that it has a more-or-less normal distribution of letters, as opposed to using \'Content here, content here\', making it look like readable English. Many desktop publishing packages and web page editors now use Lorem Ipsum as their default model text, and a search for \'lorem ipsum\' will uncover many web sites still in their infancy. Various versions have evolved over the years, sometimes by accident, sometimes on'),
(3, 'Pricing and Promotions Policy', 'link3', 'It is a long established fact that a reader will be distracted by the readable content of a page when looking at its layout. The point of using Lorem Ipsum is that it has a more-or-less normal distribution of letters, as opposed to using \'Content here, content here\', making it look like readable English. Many desktop publishing packages and web page editors now use Lorem Ipsum as their default model text, and a search for \'lorem ipsum\' will uncover many web sites still in their infancy. Various versions have evolved over the years, sometimes by accident, sometimes on purpose (injected humour and the like).Why do we use it?It is a long established fact that a reader will be distracted by the readable content of a page when looking at its layout. The point of using Lorem Ipsum is that it has a more-or-less normal distribution of letters, as opposed to using \'Content here, content here\', making it look like readable English. Many desktop publishing packages and web page editors now use Lorem Ipsum as their default model text, and a search for \'lorem ipsum\' will uncover many web sites still in their infancy. Various versions have evolved over the years, sometimes by accident, sometimes on');

-- --------------------------------------------------------

--
-- Table structure for table `wishlist`
--

CREATE TABLE `wishlist` (
  `wishlist_id` int(10) NOT NULL,
  `customer_id` int(10) NOT NULL,
  `product_id` int(10) NOT NULL
) ENGINE=InnoDB DEFAULT CHARSET=latin1 COLLATE=latin1_swedish_ci;

--
-- Dumping data for table `wishlist`
--

INSERT INTO `wishlist` (`wishlist_id`, `customer_id`, `product_id`) VALUES
(2, 2, 8),
(3, 5, 13),
(4, 3, 13),
(5, 6, 15),
(6, 8, 13);

--
-- Indexes for dumped tables
--

--
-- Indexes for table `about_us`
--
ALTER TABLE `about_us`
  ADD PRIMARY KEY (`about_id`);

--
-- Indexes for table `admins`
--
ALTER TABLE `admins`
  ADD PRIMARY KEY (`admin_id`);

--
-- Indexes for table `bundle_product_relation`
--
ALTER TABLE `bundle_product_relation`
  ADD PRIMARY KEY (`rel_id`);

--
-- Indexes for table `cart`
--
ALTER TABLE `cart`
  ADD PRIMARY KEY (`p_id`);

--
-- Indexes for table `categories`
--
ALTER TABLE `categories`
  ADD PRIMARY KEY (`cat_id`);

--
-- Indexes for table `contact_us`
--
ALTER TABLE `contact_us`
  ADD PRIMARY KEY (`contact_id`);

--
-- Indexes for table `coupons`
--
ALTER TABLE `coupons`
  ADD PRIMARY KEY (`coupon_id`);

--
-- Indexes for table `customers`
--
ALTER TABLE `customers`
  ADD PRIMARY KEY (`customer_id`);

--
-- Indexes for table `customer_orders`
--
ALTER TABLE `customer_orders`
  ADD PRIMARY KEY (`order_id`);

--
-- Indexes for table `enquiry_types`
--
ALTER TABLE `enquiry_types`
  ADD PRIMARY KEY (`enquiry_id`);

--
-- Indexes for table `manufacturers`
--
ALTER TABLE `manufacturers`
  ADD PRIMARY KEY (`manufacturer_id`);

--
-- Indexes for table `payments`
--
ALTER TABLE `payments`
  ADD PRIMARY KEY (`payment_id`);

--
-- Indexes for table `pending_orders`
--
ALTER TABLE `pending_orders`
  ADD PRIMARY KEY (`order_id`);

--
-- Indexes for table `products`
--
ALTER TABLE `products`
  ADD PRIMARY KEY (`product_id`);

--
-- Indexes for table `product_categories`
--
ALTER TABLE `product_categories`
  ADD PRIMARY KEY (`p_cat_id`);

--
-- Indexes for table `store`
--
ALTER TABLE `store`
  ADD PRIMARY KEY (`store_id`);

--
-- Indexes for table `terms`
--
ALTER TABLE `terms`
  ADD PRIMARY KEY (`term_id`);

--
-- Indexes for table `wishlist`
--
ALTER TABLE `wishlist`
  ADD PRIMARY KEY (`wishlist_id`);

--
-- AUTO_INCREMENT for dumped tables
--

--
-- AUTO_INCREMENT for table `about_us`
--
ALTER TABLE `about_us`
  MODIFY `about_id` int(10) NOT NULL AUTO_INCREMENT, AUTO_INCREMENT=2;

--
-- AUTO_INCREMENT for table `admins`
--
ALTER TABLE `admins`
  MODIFY `admin_id` int(10) NOT NULL AUTO_INCREMENT, AUTO_INCREMENT=3;

--
-- AUTO_INCREMENT for table `bundle_product_relation`
--
ALTER TABLE `bundle_product_relation`
  MODIFY `rel_id` int(10) NOT NULL AUTO_INCREMENT;

--
-- AUTO_INCREMENT for table `categories`
--
ALTER TABLE `categories`
  MODIFY `cat_id` int(10) NOT NULL AUTO_INCREMENT, AUTO_INCREMENT=6;

--
-- AUTO_INCREMENT for table `contact_us`
--
ALTER TABLE `contact_us`
  MODIFY `contact_id` int(10) NOT NULL AUTO_INCREMENT, AUTO_INCREMENT=2;

--
-- AUTO_INCREMENT for table `coupons`
--
ALTER TABLE `coupons`
  MODIFY `coupon_id` int(10) NOT NULL AUTO_INCREMENT, AUTO_INCREMENT=7;

--
-- AUTO_INCREMENT for table `customers`
--
ALTER TABLE `customers`
  MODIFY `customer_id` int(10) NOT NULL AUTO_INCREMENT, AUTO_INCREMENT=25;

--
-- AUTO_INCREMENT for table `customer_orders`
--
ALTER TABLE `customer_orders`
  MODIFY `order_id` int(10) NOT NULL AUTO_INCREMENT, AUTO_INCREMENT=77;

--
-- AUTO_INCREMENT for table `enquiry_types`
--
ALTER TABLE `enquiry_types`
  MODIFY `enquiry_id` int(10) NOT NULL AUTO_INCREMENT, AUTO_INCREMENT=4;

--
-- AUTO_INCREMENT for table `manufacturers`
--
ALTER TABLE `manufacturers`
  MODIFY `manufacturer_id` int(10) NOT NULL AUTO_INCREMENT, AUTO_INCREMENT=9;

--
-- AUTO_INCREMENT for table `payments`
--
ALTER TABLE `payments`
  MODIFY `payment_id` int(10) NOT NULL AUTO_INCREMENT, AUTO_INCREMENT=56;

--
-- AUTO_INCREMENT for table `pending_orders`
--
ALTER TABLE `pending_orders`
  MODIFY `order_id` int(10) NOT NULL AUTO_INCREMENT, AUTO_INCREMENT=84;

--
-- AUTO_INCREMENT for table `products`
--
ALTER TABLE `products`
  MODIFY `product_id` int(10) NOT NULL AUTO_INCREMENT, AUTO_INCREMENT=34;

--
-- AUTO_INCREMENT for table `product_categories`
--
ALTER TABLE `product_categories`
  MODIFY `p_cat_id` int(10) NOT NULL AUTO_INCREMENT, AUTO_INCREMENT=11;

--
-- AUTO_INCREMENT for table `store`
--
ALTER TABLE `store`
  MODIFY `store_id` int(10) NOT NULL AUTO_INCREMENT, AUTO_INCREMENT=7;

--
-- AUTO_INCREMENT for table `terms`
--
ALTER TABLE `terms`
  MODIFY `term_id` int(10) NOT NULL AUTO_INCREMENT, AUTO_INCREMENT=4;

--
-- AUTO_INCREMENT for table `wishlist`
--
ALTER TABLE `wishlist`
  MODIFY `wishlist_id` int(10) NOT NULL AUTO_INCREMENT, AUTO_INCREMENT=7;
COMMIT;

/*!40101 SET CHARACTER_SET_CLIENT=@OLD_CHARACTER_SET_CLIENT */;
/*!40101 SET CHARACTER_SET_RESULTS=@OLD_CHARACTER_SET_RESULTS */;
/*!40101 SET COLLATION_CONNECTION=@OLD_COLLATION_CONNECTION */;
